aaarnold,Allison,Ann,Arnold
aaconway,Allie,Anne,Conway
aacosta1,Andrea,Lane,Acosta
aalipour,Amin,,Aalipour
aanton,Annie,Marguerite,Anton
aarbabza,Abdulallah,,Arbabzadah
aareidy,Allison,Adams,Reidy
aargueta,Alejandro,Antonio,Argueta
aarond,Aaron,Kyle,Damashek
aatallah,Alexander,,Atallah
abadilla,Natasha,,Abadilla
aberg,Adrian,Bjorn,Berg
ableich,Andrew,Schadler,Bleich
aborja,Alina,,Borja
abright,Aaron,M.,Bright
abrown5,Anthony,LeJohn,Brown
abutler,Alaina,Kaye,Butler
acbass,Aline,Catherine,Bass
achang5,Alex,Scott,Chang
achavez1,Alejandro,,Chavez
acparker,Annie,Conlon,Parker
adeebs,Adeeb,,Sahar
adela25,Adela,,Fedor
adelexu,Adele,Francis,Xu
adetzner,Adam,Stob,Detzner
adevorah,Alon,Edward,Devorah
adeyan,Austin,Michael,Deyan
adisin,Aditya,,Singh
aecker,Aiyi,,Ecker
aegraham,Annie,Elizabeth,Graham
aelopez,Alejandro,Esequiel,Lopez
aesims,Anna,Elizabeth,Simmons
afadia,Ankit,,Fadia
afauci,Ali,,Fauci
afijolek,Allison,Margaret,Fijolek
aforsyth,Andrew,Christopher,Forsyth
afryman,Annie,,Fryman
agaeta,Andrea,,Gaeta
agathab1,Agatha,Eleonora,Bacelar de Oliveira Stephens
ahack,Austin,Cornelis,Hack
aharris1,Alex,Charles,Harris
aharris5,Amy,Nichole,Harris
ahernan1,Alberto,Vidal,Hernandez
aidan44,Aidan,Miller,Baker
aisentis,Amy,Isabella,Sentis
aishuv,Aishu,,Venkataraman
ajl5,Alexander,Jiabao,Lee
ajlau,Arthur,Jek-K,Lau
ajlock,Annalise,Jorgensen,Lockhart
ajram741,Antonio,James,Ramirez
ajs1,AJ,,Sugarman
akarmann,Clint,,Akarmann
akim92,Anna,Jennifer,Kim
akvo14,Akhil,,Vohra
alalama,Alberto,,Lalama
alamilla,Luis,Alberto,Alamilla
alannar,Alanna,Victoria,Reyes
alawler,Alec,William,Lawler
alazars,Samuel,,Alazar
aldricu,Aldric,,Ulep
aled1337,Ariel,,Ledesma
alepstei,Alison,,Epstein
alsimon,Alex,Lewis,Simon
alexm3,Alex,,Martinez
alexr7,Alex,Richardson,Ritchie
alexzam,Alex,,Zamoshchin
alfcor2,Alfredo,,Corral
algharbi,Fatema,S. Ali,AlGharbi
alhenaid,Hana,,Al-Henaid
alimagg,Ali,Nacey,Maggioncalda
alin719,Alex,Hanyu,Lin
alinab,Alina,Rodriguez,Benavides
alisonge,Alison,,Ge
alizar,Aliza,Becker,Rosen
alleet,Allee,Cristina,Torres
allent92,Allen,Marshal,Trevino
allirath,Alli,Margaret,Rath
almcconn,Anna,Louise,McConnell
alogan9,Andrew,Malcolm Green,Logan
alonel,Alon,,Elhanan
along,Adrienne,Jean,Long
alotis,Allison,Linda,Otis
aloyola,Amanda,Ferreira,Loyola
altamira,Jonathan,,Altamirano
alucio,Alexis,Mary,Lucio
alvarcl,Luis,Carlos,Alvarez
alvarez6,Adolfredo,,Alvarez
alyfuji3,Alyssa,Mariko Kuuleilani,Fujimoto
alyssad,Alyssa,Cathryn Tapley,Dougherty
amadian,Antonia,,Madian
amainero,Anthony,Joseph,Mainero
amanda14,Amanda,Christine,McFarlane
amanda17,Amanda,Marie,Martinez
amanorot,Amanda,,Manorot
amar24,Alex,,Martinez
amayalah,Alejandro,Manuel,Ayala-Hurtado
ambarber,Anne Marie,,Barber
amberr,Amber,Rose,Rockwood
ambrizc,Cesar,,Ambriz
amejia1,Alejandra,,Mejia
ameliah2,Amelia,Beatrice,Herring
amenck,Andre Frederico,Cavalheiro,Menck
amesa91,Alejandra,,Mesa
ameyer17,Austin,Davis,Meyer
amfrosh,Alexandra,Masters,Frosh
amg317,Anna,Maria,Garcia
amgowano,Abraham,Prosper,Mgowano
amiller5,Andrew,Preston,Miller
amlevin,Amanda,Marie,Levin
amreyes,America,Morelia,Reyes
amyyoung,Amy,Nicole,Young
anagao,Aaron,Masao,Nagao
anarosa,Ana,Gladys,Rosa  Mendez
ancox,Alexandra,Nentwig,Cox
ancross,April,Nicole,Cross
andersme,Matt,Eric,Anderson
andkgold,Andrea,Kramer,Goldstein
andreav1,Andrea,,Villarraga
andresg1,Andres,Steven,Gutierrez
andrew74,Andrew,Carl,Hanson
andrewa2,Andrew,Scott,Aguilar
andrewk2,Andrew,Thomas,Kleinschmidt
andyfang,Andy,,Fang
andymai,Andy,,Mai
andywang,Andy,,Wang
angadsingh,Preet,Angad,Singh
angarita,Alejandro,Ruben,Angarita
angel25,Angel,de Jesus,Jimenez
anhinton,Andrea,Nadine,Hinton
anhlt92,Anh,Lan,Truong
anjanab,Anjana,,Bala
anjohnso,Adrienne,Nicole,Johnson
anna710,Anna,K.,Stone
annageid,Anna,Rose,Geiduschek
annanti,Anna Malaika,Grace,Ntiriwah Asare
annickt,Annick,Nicole,Thompson
antso,Anthony,,So
anurag12,Anurag,Hetal,Gandhi
anushak,Anusha,Mohan,Kumar
aochang,Audrey,Ou,Chang
aostiles,Andrew,Olivas,Stiles
apeabody,Annie,Francis,Peabody
aplourde,Aaron,Martin,Plourde
apopof,Alex,Rudd,Popof
aposborn,Annie,Pell,Osborn
aprice14,Alexandria,Nicole,Price
apuranik,Arjun,Ranganath,Puranik
aqwais,Ashleigh,Quiggin Locklin,Wais
arain,Allison,Rose,Rain
arasheed,Ayesha,Karim,Rasheed
arempel,Anne,Marie Linder,Rempel
ariannar,Arianna,Manuela,Rosales
ariannav,Arianna,Claire,Vogel
arieger,Alexandra,Valerie Rose,Rieger
arifg,Arif,Hadi,Gilani
arjunb,Arjun,,Bhargava
arodrig1,Alejandro,,Rodriguez
arost814,Amanda,Haley,Rost
ary,Ary,Armida,Ascencio
asantiag,Alessandra,Marie,Santiago
ashidham,Aaditya,Ganesh,Shidham
ashleyic,,,
ashwill5,Ashley,Graciela,Williams
ashwins1,Ashwin,Rajan,Siripurapu
asood,Ayush,,Sood
aspinner,Amanda,Danielle,Spinner
astabile,Alexander,Clark,Stabile
asunny,Andy,Dong,Sun
aswenson,Anna,Catherine,Swenson
atamplin,Alex,Danielle,Tamplin
atarpley,A.J.,,Tarpley
atataru,Alexandra,,Tataru
athomas4,Alyssa,Moire,Thomas
athorne,Adam,Joseph,Thorne
atkindel,Alexander,Thomas,Kindel
ato1120,Alexandra,Akiye,To
atodi,Aditya,,Todi
aubrie,Aubrie,,Lee
audreys,Audrey,Kaiulani,Solomon
auilag,Augie,Alexander,Ilag
aval,Ava,Elaine,Lindstrom
avproulx,Audrey,Virginia,Proulx
awallop,Althea,Vail,Wallop
awhit626,Alexandra,Anne,Whitford
awilkens,Alec,Baker,Wilkens
awilson7,Austin,Hurley,Wilson
ayayagi,Aya,,Yagi
ayeh1,Allen,,Yeh
ayen57,Alan,G.,Yen
ayna1,Ayna,,Agarwal
aynakai,Ashley,Yoshiye,Nakai
ayshak,Aysha,Evelyne,Kureishi
ayyyeung,Angela,Yu-Yun,Yeung
azatkins,Alethea,Zaneta,Atkins
azpiroz,Nick,Alexander,Azpiroz
baguirre,Bianca,Caprice,Aguirre
bailey92,Cameron,Alexander,Bailey
ballen17,Breanna,Marie,Allen
bankstbr,Brittany,Candice,Bankston
baragira,Brian,Aosa Mogaka,Ragira
barkerag,Armine,,Garcia Barker
barryb,Barry,De`mond,Browning
basilico,Simon,Nicholas Fiedler,Basilico
bb21,Brenda,Michell,Benavides
bbadger,Brig,Matteson,Badger
bbajar,Bryce,Thomas,Bajar
bbaydere,Bora,Alp,Baydere
bbell91,Brandon,Michael,Bell
bblanken,Benjamin,,Blankenmeister
bcmyers,Ben,Christopher,Myers
bcollazo,Beatriz,Alejandra,Collazo
bcrouc,Branden,Lashad,Crouch
bdiana,Diana,,Barthauer
bduran,Bronson,DeLeon,Duran
beauvoir,Christian,Joseph,Beauvoir
beccaobi,Bekah,Ngozi,Obi
bedavis,Brooke,Elizabeth,Davis
belindat,Belinda,Huijuan,Tang
bella1,Isabella,,Sanchez
benking,Ben,Michael Nusser,King
besolow,Brett,Evan,Solow
bessiego,Bessie,Rosalind,Golding-Ochsner
bewonus,Brandon,Taylor,Ewonus
bfei2659,Brian,,Fei
bfk11,Kareem,Malcolm,Alston
bfoorman,Ben,Elias,Foorman
bfreund,Brendan,A.,Freund
bgodrej,Burjis,Nadir,Godrej
bgott,Brandon,Joseph,Gottfried
bguymon,Brian,Thomas,Guymon
bharadr,Bharad,,Raghavan
bhatzey,Bana,,Hatzey
bhippe,Brittany,Ann,Hippe
bhooi,Bryan,,Hooi
bhuffman,Blair,,Huffman
biermann,Henry,David,Biermann
bjang1,Brian,,Jang
bjlerman,Ben,,Lerman
bjromero,Brandon,J,Romero
bkapoor,Bianca,Costa,Kapoor
bkvu,Brandon,Khoa,Vu
blake1,Blake,Ricardo,Emmerson
blturner,Breeshia,L,Turner
blueders,Blake,Patrick,Lueders
bly1,Brandon,Kit,Ly
bmartino,Brittany,Sue,Martino
bmccann,Bryan,Marcus,McCann
bmike,Brett,Michael,Doran
bmjensen,Britt,Marie,Jensen
bmrosenb,Benjamin,Max,Rosenberg
bmunoz1,Brenda,,Munoz
bnkirby,Brianna,Nicole,Kirby
bnliang,Brianna,Nicole,Liang
bobyrne,Brendan,James,O'Byrne
boffutt,Bryan,Tyler,Offutt
bondserv,Tatum,Anthony,Banayat
bowersk,Kenji,Terata,Bowers
bpeltz,Brian,Allen,Peltz
bpowell1,Brandon,Arthur,Powell
bquinta,Bryan,Matthew,Quintanilla
brendaa,Brenda,,Acevedo
brhyne,Ben,,Rhyne
briannal,Brianna,Lynn,Lister
brianson,Brian,,Son
brinw4,Brian,Nyamu,Wanyoike
brookecn,Brooke,Catherine,Nelson
btowers,Brandon,Anthony,Towers
buhler,Konstantine,Robert,Buhler
burkek,Burke,,Kleinheinz
bwhiting,Brant,Mikel,Whiting
byronw92,Byron,Meng,Walker
cagolden,Candice,Ashley,Golden
cahsieh,Catherine,Ann,Hsieh
cajung,Caroline,Andrea,Jung
camb0424,Cam,,Bennett
camicb14,Camille,Colleen,Brown
cangulo,Christian,Olegario,Angulo
cappelli,Alicia,Renae,Cappelli
carnohan,Kristen,Michelle,Carnohan
carpkp,Karen,Paola,Carpenter
carter13,Kori,Danielle,Carter
carterwa,William,Andrew,Carter
casi,Casi,Victoria,Lumbra
catcam1,Cat,,Camacho
cathieme,Claudia,Anne,Thieme
caver421,Cristina,Marie,Vellozzi-Averhoff
cawilson,Cameron,Andrew,Wilson
cbaldock,Chris,,Baldock
cbank,Tracy,Caroline,Bank
cbarnum,Christopher,Scott,Barnum
cbart,Corinne,Lucia Solano,Bart
cbax2014,Christina,Elisabeth Hedy,Bax
cbegay,Chynna,Rene,Begay
ccastan1,Christian,,Castaneda
cchang22,Christine,Yo-Rong,Chang
cchang8,Cindy,Jaclyn,Chang
cchen92,Catherine,Xixi,Chen
cchio,Clarence,Wen Han,Chio
ccolberg,Claire,Mai,Colberg
ccy,Charles,Congyue,Chen
cdisher,Chase,,Disher
cefergus,Caroline,,Ferguson
cesleem,Ceslee,Dineen,Montgomery
cewraith,Caitlin,Elizabeth,Wraith
cfleming,Cameron,Jarrod,Fleming
cfred,Christopher,Douglas,Frederick
cfrykman,Claire,Elizabeth,Frykman
cgarvey,Caroline,Meier,Garvey
cglu,Catherine,,Lu
cgray1,Catherine,Mary,Gray
cgroth,Caroline,Dorothy,Groth
chald,Courtney,Anne,Haldeman
chanc,Carrie,,Chan
chanelin,Cara,,Hanelin
chbrosco,Chiara,Hordatt,Brosco
chelles2,Michelle,Seng Ah,Lee
chelseap,Chelsea,Elizabeth,Powell
chelseyb,Chelsey,Maxine,Bartlett
chengn3,Natalie,Ka Ying,Cheng
chepburn,Colin,Duray,Hepburn
chiney13,Chiney,,Ogwumike
chood,Chandler,Michael,Hood
choul831,Angela,,Chou
chris18,Christina,,Kao
chrisg1,Chris,James,Gaertner
chrisj1,Chris,Brian,Jackson
chrissyj,Chrissy,,Jones
christ4,Chris,Scott,Tomasetta
chutton,Cam,Cameron,Hutton
cibelemh,Cibele,Montez,Halasz
cjaholt,Chris,Joseph,Aholt
cjcleary,Conner,John,Cleary
cjeffers,Cameron,,Jeffers
cjevning,Conner,Todd,Jevning
cjtaub,Chloe,Jean,Taub
ckanichy,Chaely,Tulensa,Kanichy
ckaushik,Curran,Hong,Kaushik
ckhosh,Christopher,Kia,Khoshnevissan
ckortel,Kelly,Kelly,Ortel
ckpura,Caitlyn,Kimberly,Pura
ckunzel,Coulter,Herbert,Kunzel
claireh3,Claire,Alexandra,Hawkins
clawhon,Carl,Edward,Lawhon
cleduff,Clare,Elizabeth,LeDuff
cleo13,Cleo,Marie,O'Brien-Udry
clittlej,Christina,Michael,Littlejohn
clkruse,Caleb,,Kruse
clmcnair,Connie,Lee,McNair
clopez92,Cesar,David,Lopez
cmabbott,Caroline,,Abbott
cmadden,Charlie,Ritter,Madden
cmai,Chloe,Lian Jun,Mai
cmammen,Miranda,,Mammen
cmhse14,Chloe,Ming Hwa Summers,Edmondson
cmlegos,Christian,,Murphy
cmwalimu,Charles,Chanda Mukanga,Mwalimu
cnegiar,Claire,Alicia,Negiar
cnnew,Connie,Anna,New
coled,Cole,Walker,Davis
coleu,Cole,,Underwood
colinle,Colin,Hoang,Le
connorb,Connor,Jennings,Barnett
connorg,Connor,,Gilbert
connorvg,Connor,Gordon,Van Gessel
conormc,Conor,Conor,McFadden
corala,Coral,Elizabeth Page,Abbott
cpatrick,Christian,Patrick,LeBienvenu
cpulido,Christine,Marie,Pulido
cradis,Corey,Mary,Radis
craink,Kevin,R,Crain
crennels,Carolyn,Forsyth,Rennels
crimsong,Eric,William,Armstrong
crturner,Christopher,Ray,Turner
cruss,Chris,,Russ
crwayne,Charlotte,Remy,Wayne
csandov,Citlalli,,Sandoval
csinow,Carolyn,Susan,Sinow
csmith92,Catherine,Allison,Smith
cstang,Chris,,Tang
cstites,Cole,Raymond,Stites-Clayton
ctfong,Caitlin,Ty,Fong
cukogu,Chierika,Onaedo,Ukogu
cvassos,Christopher,William,Vassos
cwais,Carly,Shoshanah,Wais
cwalter9,Cale,Walter,Robinson
cwang54,Catherina,Kailing,Wang
cwlewis,Chelsea,Woods,Lewis
cwoolsey,Caitlin,Dutcher,Woolsey
cwopat,,,
cxnguyen,Catherine,Xuan,Nguyen
cyfoo,Chuan Yu,,Foo
czabel,Claire,L,Zabel
czhou92,Christina,,Zhou
dagness,Daniel,James,Agness
dahalpin,Donovan,Archer,Halpin
daisya,Daisy,Rose,Anderson
dalami,Dina,R,Al-Alami
damatya,Debha,Narsingh,Amatya
dami11er,Danielle,Marie,Miller
damikell,Dominique,Aisha,Mikell
dana727,Dana,John,Edwards
daner522,Daniel,Alexander,Esquivel - Reynoso
daniam,Dania,Michele,Marinshaw
danielho,Daniel,Duan,Ho
dankoz,Daniel,Alexander,Kozlowski
dannas,Danna,Morgan,Seligman
danny1,Danny,,Diekroeger
danteb,Dante,Andrew,Belletti
daphnem,Daphne,Oluwaseun,Martschenko
darrellf,Darrell,Lamar,Ford
dashd,Dash,,Davidson
dashton,Daniel,Michael,Ashton
davida92,David,,Ayala-Lindeman
davidcyl,David,C,Liu
davidg91,David,Glenn,Grunzweig
davj,Davis,,Johnson
dawhite1,Nick,I'i Kniskern,White
db1,Deanna,Maris,Badizadegan
dbell92,David,Michael,Bell
dblanton,Diego,Jose,Blanton
dbonnell,Dillon,Thomas,Bonnell
dbrom7,Dani,Elizabeth,Bromberg
dchou1,Diana,,Chou
dcmundy,David,Christopher,Mundy
dconn,Dylan,Patrick,Conn
dcontrer,Derrick,Jon,Contreras
ddpatel,Devanshi,Darshan,Patel
delgadoj,Joseph,Nordby,Delgado
delupin,Daniel,Enrique,Lupin
demapan,Darren,Tenorio,Demapan
despinel,Danny,,Espinel
destinyp,Destiny,LaReine,Phillips
devonc,Devon,Dante,Carrington
dfalls,Denny,,Falls
dfforbes,Darius,F,Forbes
dflores,Daniel,,Flores
dfrasier,Danielle,Elyse,Frasier
dghanta,Druthi,,Ghanta
dhaar92,Daniel,John,Haarburger
dhalford,Daniel,Thomas,Halford
dhlim,Desmond,H,Lim
dhruv92,Dhruv,Tarang,Amin
dhuynh79,David,,Huynh
diane2,Diane,Alison,Rodriguez
diegoa1,Diego,,Aguilar-Canabal
diegoc1,Diego,Francisco,Canales
digivice,Jeong Soo,,Sim
dimodica,Bartholemew,Frank,DiModica
dindin,Geraldine,Lim,Baniqued
djindal,Darren,Anand,Jindal
djmorgan,Daniel,Javier,Morgan
dkatosh,David,,Katosh
dkemp,Dewey,Dominique,Kemp
dkoning,Daniel,Paul,Koning
dmboyett,Deborah,Marie,Boyett
dmchugh,Daniel,Patrick,McHugh
dmckay,Danny,Brent,McKay
dmk8265,Dong Myung,,Kim
dmkreil6,,,
dmolay,David,Ross,Molay
dmrdj24,Daniel,Joel,Mrdjenovich
dnewcomb,David,Matthew,Newcomb
dniv14,Aravind,,Arun
dnoe,Daniel,,Noe
docrock,Matt,,Weber
dokwon,Do,,Kwon
dolson10,David,Joseph,Olson
dominicr,Dominic,Alexander,Rodriguez
doshea,Daniel,Michael,O'Shea
dparra,Daniela,Yamila,Parra
drbecker,Dominic,Raymond,Becker
droos1,David,Scott,Roos
drparry,David,Robert,Parry
dschaden,Danny,Lynn,Schaden
dseale,David,J,Seale
dsfink,Dustin,Snyder,Fink
dshaih12,D'Shai,Lee,Hendricks
dsingley,Diante,T.,Singley
dsnelson,Spencer,,Nelson
dsteffee,Daniel,Patrick,Steffee
dte,Dennis,Michael,Te
dtgerson,David,Terry,Gerson
dthanh,Thanh,Dinh,Nguyen
dts,Daniel,Thomas,Speckhard
dtublin,Daniel,Joseph,Tublin
dtyagi,Dhruv,Menon,Tyagi
dudchock,Davis,Andrew,Dudchock
dumett,Daniel,,Dumett
dwein,Dianne,Joyce,Weinthal
dwhite2,Dominique,Anjelica,White
dwight33,Dwight,Harlan,Powell
dwyman,Dana,Elizabeth,Wyman
dyankey,David,Famiyekyi,Yankey
dylanr,Dylan,Dylan,Rhodes
dzheng1,David,,Zheng
ebaumann,Erin,Alicia,Baumann
echang14,Eunbi,,Chang
echoi75,Eric,,Choi
ecleon,Elena,Christina,Leon
edburton,Erik,David,Burton
eddiebob,Bobby,,Edwards
eddiep,Eddie,,Plantaric
edgarv1,Edgar,Gerardo,Velasco
edr1,Ed,Rannell,Reynolds
eeracine,Elise,Eby,Racine
egolson,Erik,Gordon,Olson
egrabows,Elizabeth,Corinne,Grabowski
egrimes,Erica Sharann,Sharann,Grimes
ehellman,Eva,Irene,Hellman
ehoates,Eleanor,Hammer,Oates
eholve,Elizabeth,Sien-Hui,Holve
ehpetree,Emily,Hunter,Petree
eileenu,Eileen,,Ung
ejgarcia,Enrique,Joel,Garcia
ejliaw,Eric,Jer-Jiun,Liaw
ekofman,Eric,,Kofman
elainef,Elaine,,Fisher
elenaa,Elena,Carina,Ayala-Hurtado
elenamcc,Elena,Swanson,McCallister
elenas55,Elena,Claire,Stamatakos
elianap,Eliana,Dianne,Portillo
eliang22,Emily,Cheng,Liang
elisep,Elise,Kristine,Finlayson
elisesug,Elise,Laura,Sugarman
elliemc,Ellie,Marie,McCardwell
ellora,Ellora,Thadaney,Israni
elmerle,Elmer,,Le
emakoba,Emma,Ludesi,Makoba
emarx,Elliot,Rorden,Marx
emcheng,Emily,,Cheng
emdillon,Erin,Mackenzie,Dillon
emelende,Eli,Celia,Melendez
emesfin,Eden,Mintwab,Mesfin
emmank,Emman,Kasengo,Kabaghe
emmawb,Emma,Wilde,Botta
emmya,Emmy,,Armintrout
emstuart,Elle,Marie,Stuart
encisco,Ellen,Michelle,Encisco
eogle,Elise,Michelle,Ogle
eokelly,Eugenia,Anne,O'Kelly
eoliver1,Emily,Elizabeth,Oliver
eoogbe,Eva,,Ogbe
epatino,David,E.,Patino
epeiros,Lizzie,Duffy,Peiros
eplotkin,Evan,Samuel,Plotkin
epreciad,Edith,Silvina,Preciado
eqtian,Emily,Qiming,Tian
ericakl,Erica,Kate,Lieberman
ericf444,Eric,Michael,Feldman
ericmo,Eric,Daniel,Mochalski
erikaji,Erika,,Ji
esagan,Emma,Lundy,Sagan
eschloss,Erich,Edson,Schloss
eshieh,Evan,Jun,Shieh
estier,Elizabeth,Rose Zamora,Stier
evangitt,Evan,David,Gitterman
evclark,Evan,Bock,Clark
evigil,Esther,,Vigil
evmasuta,Evan,Masataka,Masutani
ewright6,Eric,Spencer,Wright
ewyuen,Erica,Wei-Jeng,Yuen
eymyers,Ethan,Young,Myers
fawaz9,Fawaz,,Hourani
fayev,Faye,Santa-Maria,Villaroman
fblount,Farris,,Blount
fbock,Fabian,Leonard,Bock
fdg,Frank,Daniel,Guzman
felicial,Felicia,Francesca,Lee
felipems,Felipe,,Munera
fgroce,Frederik,,Groce
firewind,Mariah,Helene,Haberman
fischerj,Julius,Lorenz,Fischer
floydj,Joshua,Aaron,Floyd
fmcgee,Florence,Louise,McGee
frankchn,Frank,,Chen
franze,Franz,,Essig
frmiles,Felisha,Rayelle,Miles
fvillar,,,
gachavez,Gustavo,Adrian,Chavez
gaidarov,Ilya,,Gaidarov
galenm1,Galen,Galen,McCleary
garrettg,Garrett,Joseph,Gutierrez
gbazell,Graham,Neal,Bazell
gbeard,Grant,Thomas,Beard
gbendor,Gabe,Abraham,Ben-Dor
gbird,Gavin,Hastings,Bird
gcarotti,Gabriele,Weimin,Carotti-Sha
gckwan,Grace,,Kwan
gcollins,Gillie,C,Collins
gdezso,Genevieve,,Dezso
gdouglas,Gayon,Diana,Douglas
geffanp,Geffan,Aliza,Pearlson
georgelu,George,,Lu
ggreiner,Greg,Richard,Greiner
ghara537,Garrett,Eugene,Hara
ghigg,Gerald,Daniel,Higginbotham
giag,Gia,Noelle,Garrett
girkirby,Gordon,Ignacio Rojas,Kirby
gkihm,,,
gmleslie,Gabriela,Maia,Leslie
gmrivera,Gerry Sann,Macaraeg,Rivera
gnsun,Gianni,Nikita,Sun
goaaron,Aaron,Sebastian,Goebel
godima2,Kima,,Uche
goren,Geffen,Aleksander,Oren
gracewc,Grace,Wanchun,Chao
gradiska,Angela,Marie,Gradiska
grahamia,Ian,Alastair,Graham
grahamth,Graham,,Thompson
grantdel,Grant,Cameron,Delgado
grantho,Grant,,Ho
great69,Great,,Thavapatikom
gretaa,Greta,Kai,Anderson
griechel,Garren,Jeff,Riechel
griffinp,Griffin,,Price
grueskin,Caroline,Rebecca,Grueskin
gschaner,Garrett,Gerald,Schaner
gtqo,Gabriela,Teresa,Quintana
gyujinoh,Gyujin,,Oh
halle,Halle,Hamilton,Edwards
halsey,Halsey,Hall,Hoster
hanask11,Hana,Serene Larson,Kajimura
hanewich,Corey,Madison,Hanewich
hannahd1,Hannah,,Druckenmiller
hannahjk,Hannah,Jewett,Kauffman
hanzhiz,Hanzhi,,Zhu
harleys,Harley,James,Sugarman
harris14,Christian,Auguste,Harris
harrymj,Harry,Michael,Johnson
hayesme,Molly,Elizabeth,Hayes
hboyd212,Hannah,Elizabeth,Boyd
hburke,Hope,Michele,Burke
hdory,Henock,,Dory
hdoshay,Harry,Winter,Doshay
hdudley,Hunter,Brooke,Dudley
heaney,Alex,Krosnick,Heaney
hecjgon,Hector,Jesus,Gonzalez-Medina
helena1,Helen,Marie,Anderson
henna,Henna,,Nandwani
henrya10,Henry,Wyatt,Anderson
hershelm,Hershel,Amal,Mehta
hgkshin,Kevin,,Shin
higgins2,Matthew,Magid,Higgins
highfive,Brian,Robertson,Cook
hilaryja,Hilary,Jane,Anderson
hiscutt,Helena,Isabel,Scutt
hjchung,June,,Chung
hkodama,Hunter,Craig,Kodama
hni,Cindy,,Ni
hnino,Hnin,,Ookhin
hoamai,Hoa,Ngoc,Mai
hovnm,NIck,,Hoversten
hrusk,Hannah,Evelyn,Rusk
hsayres,Haley,Clare,Sayres
hseaton,Hannah,Marie,Seaton
htran1,Hung,Tan,Tran
hungj,Jonathan,Yi,Hung
huongtdn,Huong,,Nguyen
hutch11,,,
hvance,Hilary,Maureen,Vance
hwilson,Hillary,Joyce,Wilson
hwray,Harrison,McCullough,Wray
hyoon87,Hyejeong,,Yoon
hz2014,Henry,Zhu,Tang
iancam,Ian,Laird,Campbell
iangd,Ian,,Garcia-Doty
ianvilla,Ian,Andreas,Villa
ibakhsh,Iqbal,,Bakhsh
icaswell,Isaac,Rayburn,Caswell
icelivi,Scott,Hunter,Livingston
ichan14,Ian,Joseph,Chan
idelw,Idel,Reis,Waisberg
imilcec5,Imilce,Victoria,Castro
imlopez,Isabel,Maravi,Lopez
ingalls,Jack,,Ingalls
ingridj,Ingrid,Ulrika,Jernudd
insiyaj,Insiya,,Jafferjee
iokorafo,Ike,Chukwuemeka,Okorafor
iomer,Issra,Amir,Omer
ipuri,Ishan,Sarna,Puri
irberve,Ian,Ryoichi,Berve
irion,Anna Maria,,Irion
irisyan,Iris,,Yan
isball,Ian,Schofield,Ball
ishisoko,Noriko,,Ishisoko
isosa92,Isabel,Daniela,Sosa Lazo
iuria,Isabella,Francisca,Uria
iyerr,Ranjani,Venkatesh,Iyer
izalles,Ian,Berding,Zalles
ja2010,Jessica,Laurel,Anderson
jaaron91,Joel,Aaron,Chapman
jachen2,Jack,Jong,Chen
jackmast,Jack,Martin,Mast
jackoway,Daniel,Benjamin,Jackoway
jackyl14,Jacky,,Lee
jacobt,Jessica,,Taylor
jadef1,Jade,Jane Marie,Fernandez
jaekyun,Jae Kyun,,Hwang
jaidem,Jeremy,Michael,Aidem
jakemh,Jake,,Hartley
jamesbui,James,Phan,Bui
jamesl2,James,,McClellan
jamih,Jami,Katherine,Haskins
jaminb,Jamin,,Ball
jananir,Janani,,Ramachandran
janeshin,Jane,,Shin
janhall,Janet,,Hall
janlan,Janice,,Lan
jaronm,Jaron,Benjamin,Moore
jasli,Jasmine,,Li
jasonk2,Jason,Douglas,Kaufman
jasonl3,Jason,George,Liljenquist
jasonm9,Jason,Kirk,Middleton
jasuja,Sonali,,Jasuja
jayhp9,Jay,H,Patel
jayt92,Jay,Michael,Thomason
jazminy,Jazmin,Kumari,Youngblood
jbarin,Jenny,Lynn,Barin
jbarrero,Julia,Michelle,Barrero
jbrockhu,Jacqueline,Kate,Brockhurst
jcambre,Julia,Santon,Cambre
jcbllr05,Jessica,,Caballero
jcburke,John,Carl,Burke
jchart,Jordan,Campbell,Hart
jchaves,Jason,Reis,Chaves
jchavez4,Jason,Frederick,Chavez
jchikofs,Janet,,Chikofsky
jchines,Jeremy,Christen,Hines
jcstuart,Jessie,Cleary,Stuart
jctreat,John,Charles,Treat
jcummin,Jackson,Cole,Cummings
jcwerner,Jack,,Werner
jdatri,John,Louis,D'Atri
jdbenner,Joshua,Denali,Benner
jdcarl,Justin,David,Carl
jdiaz14,Josh,,Diaz
jdl39,Jimmy,David,Lee
jdschott,Joshua,Dean,Schott
jeayala,Jake,Edward,Ayala
jenarc,Jennifer,Amanda,Archuleta
jendoubi,Nora,,Jendoubi
jenees,Jenee,Charisse,Smith
jeremys1,Jeremy,Rafael,Schreier
jesskm,Jessica,,McCallum
jeszhang,Jessica,,Zhang
jetd121,Joel,Emmanuel,Torres Diaz
jevered,Jane,Alice,Evered
jf92,Jill,Randall,Fisher
jfarman,Jennifer,,Farman
jfjin,Jessica,Fong,Jin
jflacco,John,Stephen,Flacco
jfowkes,,,
jfullman,Jonathan,Robert,Fullman
jguinard,Javier,Alvaro,Guinard
jgutz18,Jose,,Gutierrez
jharbour,Jake,Waldon,Harbour
jhdavis,Jordan,Hope,Davis
jhemm,Julia,Rachel,Hemmendinger
jheo1,Jaeyeong,,Heo
jholtz,Jessie,Nichole,Holtzman
jhonsa,James,Robert,Honsa
jhpark11,Jin Hyung,,Park
jhuestis,Josh,,Huestis
jialong,Jialong,,Huang
jimmydu,Jimmy,,Du
jiyunyao,Jiyun,,Yao
jjong,Jason,Yee-Harn,Jong
jjsiegel,Joshua,Joel,Siegel
jkcraig,Juliana,Kristine,Craig
jkevin,Kevin,,Shutzberg
jknutzen,Scott,,Knutzen
jkoval,J.J.,,Koval
jlbui,Justin,Louis,Bui
jliu12,Jessica,,Liu
jlloyd,Jeff,Thomas,Lloyd
jlummis,Jennie,Anne,Lummis
jm33617,John,Noel,Marley
jmacosta,Miguel,,Acosta
jmarcos8,Jade Emmanny,Batungbacal,Marcos
jmarcy,Jordan,Andrew,Marcy
jmflores,Juan,Manuel,Flores
jmhewett,Jordan,Maylor,Hewett
jmjordan,Jenny,Margarita,Jordan
jmromea,Judith,Marie,Romea
jmschaff,Jennifer,Megan,Schaffer
jnagle,Jack,Herold,Nagle
jnaimark,Jared,Wolfe,Naimark
jnc,Jesse,Nils,Clayburgh
jnguyen8,Jennifer,Tram,Nguyen
joannak,Joanna,,Kim
jodieha,Jodie,Davina,Ha
joefoley,Joe,Foley,Arnstein
joehem7,Joe,,Hemschoot
joelee,Joe,Yongmin,Lee
joeyj,Joey,Kama Hele Apau,Jachowski
johan92,Johan,Sebastian,Bonilla
johnb5,John,David,Butterfield
johngage,John,William,Gage
johngold,John,Barrett,Gold
johnl1,John,Paul,Lawrence
johnpl1,John,Vincent,Pluvinage
johnryan,John,Francis,Ryan
johnscol,Cole,Henry,Johnson
johnys,John,Somers,Yang-Sammataro
jojortz,Jojo,Garcia,Ortiz
jomar270,Jomar,Raphael,Sevilla
jondh,Jon,Douglas,Derman Harris
jordans,Jordan,Donald,Shelton
jose1,Jose,,Echevarria Acosta
josea14,Jose,Alberto,Alvarez
josh2200,Joshua,Ariel,Bowman
jovelq,Jovel,Julia,Queirolo
jpaduano,Jeremy,,Paduano
jpc83,John,Paul,Castello
jpjones,Patton,,Jones
jpmccull,Patrick,,McCullough
jpulvera,John,Hermosisima,Pulvera
jrabbott,Joseph,Robert,Abbott
jrfeler,Josh,,Feler
jrivanob,Joe,,Rivano Barros
jrivas,Jessica,Carolina,Rivas
jrmackey,James,Robillard,Mackey
jsalloum,Justin,Matthew,Salloum
jsavoie,Jessica,Marie,Savoie
jsingh14,Jujhaar,,Singh
jspitz,Justin,Alexander,Spitz
jsquared,JJ,,Liu
jtgwyn,Jordan,Taylor,Gwyn
jthomp,Jennifer,Ann,Thompson
jtonn92,Jessica,O'Neill,Tonn
jtrojan,Jeff,Dean,Trojan
jtsanch,John,Travis,Sanchez
jtsegall,Jordan,Taylor,Segall
jturan,Julia,,Turan
juanchi3,Juan,Carlos,Castellanos
julia123,Julia,Elaine,Reichelstein
juliag1,Julia,,Guenther
juliagl,Julia,Green,Landauer
juliagr,Julia,Ewa,Grabowska
justchow,Justina,,Chow
jwalecka,Ned,Edward,Walecka
jwon2014,Dennis,,Won
jwong14,Joshua,Samuel,Wong
jwsk9,Jordan,Gabriel,Williamson
jwuuu,John,Deng,Wu
jzkung,Jessica,Zhi-Xin,Kung
kaden123,Kaden,Sage,Freeman
kadioglu,Cem,,Kadioglu
kadodson,Kaley,Anne,Dodson
kahn1,Kristie,,Ahn
kaliado9,Kevin Gerard,Laranang,Aliado
kamkoff,Christian,Alexander,Kamkoff
karlag15,Karla,Estefania,Gonzalez
kassenov,Yeskendir,,Kassenov
katiaa,Katia,,Ameri
katier92,Katie,Anne,Rovelstad
kaung30,Larry,,Win
kawoods,Kadesia,Tenaa,Woods
kayoy519,Kayo,,Yanagisawa
kbagnall,Kevin,James,Bagnall
kbailey,Kristian,Davis,Bailey
kbeal,Kellsey,Lauren,Beal
kblack,Kristin,,Black
kboyar,Keegan,Franklin Patrick,Boyar
kbwalker,Katie,Bidwell,Walker
kcgutier,Katelyn,Chelsy,Gutierrez
kchirbas,Kurt,S,Chirbas
kchiu20,Kevin,,Chiu
kchung14,Kevin,Yongki,Chung
kclabuff,Kelly,Catherine Casie,LaBuff
kcobbe,Karl,William,Cobbe
kcshowen,Kelly,Claire,Showen
kcstraub,Katie,Crissey,Straub
kdiau,Kevin,,Diau
kdimri,Keshav,,Dimri
kdlopez,Katie,Dunn,Lopez
kdumovic,Kyle,Milo,Dumovic
kealoha1,Jacob,D,Cruz
keanun,Keanu,Marcel,Nelson
kekewang,Kelly,,Wang
kellies,Kellie,Elise,Schueler
kellys3,Kelly,Anne,Schindler
kemccall,Kalyn,Elizabeth,McCall
kengland,Kemar,Akeem Theodore,England
kennan,Kennan,Christopher,Murphy-Sierra
kennyj,Kenny,Allen,Johnson
kenyatta,Caleb,Kenyatta,Marshack
kevinh16,Kevin,Michael,Hurlbutt
kevlaube,Kevin,Edward,Laube
keziah,Keziah,,Plattner
kfarrise,Kaela,Simone,Farrise
kferron,Katy,Michelle,Ferron
kfierro,Kyle,Christian,Fierro
kfryauff,Krista,Caroline,Fryauff
kgarcia4,Katy,,Garcia
kgmccabe,Kim,Grace,McCabe
kgr0427,Gyu Rim,,Kim
khademi1,Casey,Ali,Khademi
khenrich,Kristy,Noel,Henrich
khgrode,Kate,Halsted,Grode
khristyn,Khristy,Marie,Nicholas
kieunkim,Kieun,,Kim
kimhuynh,Kim,Phuong,Huynh
kirstiec,Kirstie,Yingru,Chen
kjchavez,Kevin,Jose,Chavez
kjellenb,Kjellen,Tygerson,Belcher
kjlang8,Kaitlin,Jeannie,Lang
kjpoppen,Kylie,Jordan,Poppen
kkho207,Kendrick,Geluz,Kho
kkrotzer,Kenny,,Krotzer
kleon,Kim,,Leon
kloo1,Kelleen,Melissa,Loo
kmblake,Kent,Michael,Blake
kmmoore,Kyle,Mitchell,Moore
kmoy14,Kevin,Russell,Moy
kmwang,Kendrick,Michael,Wang
knabel,Katherine,Grace,Nabel
kneo,Kai-Yuan,,Neo
korvang,Kor,,Vang
kphoffer,Kyle,Pfeifer,Hoffer
kqle2014,Krystal,Quynh Chi,Le
kredmond,Katie,Anne,Redmond
kring,Krista,Noelle,Ring
krkight,Kai,Robert,Kight
kromine,Kendall,Brooke,Romine
krsavage,Ken,Roces,Savage
kryu,,,
ksam127,Karla,Marie,Samaniego
ksand,Katie,,Sandling
kseiger,Kira,Rose-Madison,Seiger
kseymour,Kerrin,Donavan,Seymour
kshi,,,
kshields,Kenneth,McCarter,Shields
kslo,Kaitlyn,Suk-Yi,Lo
ksuggs,Kelsey,Shannon,Suggs
ktnelms,Kate,Ellen,Nelms
ktopper,Katie,Sydney,Topper
kuerondu,Kelechi,Uchechukwu,Erondu
kuhlma43,Ali,Leigh,Kuhlmann
kumodzi,Karl,Rodrigue,Kumodzi
kunald,Kunal,,Datta
kuspakai,Kai,Maroon,Kuspa
kvaculik,Kristina,Theresa Marie,Vaculik
kwang14,Kevin,Shenkai,Wang
kwentzel,Kristin,Anne,Wentzel
kylejp,Kyle,John,Pollock
kylev,Kyle,Adrian,Vandenberg
kylier,Kylie,Alexis,Rosenstock
kzamudio,Katrina,Danielle,Zamudio
landkamc,,,
landy92,Andy,,Le
lao793,Lao,,Thao
lapotter,Laura,Axelrod,Potter
larmona,Luis,Christopher,Armona
larryr1,Larry,Collins,Reinhard
laura806,Laura,Elizete,Groenendaal
laurafig,Laura,Alexandra,Figueroa
lauras5,Laura,Josephine,Swenson
laurenc4,Lauren,Elisabeth,Caldemeyer
laurene,Lauren,Anne,Estrada
laureng8,Lauren,Rose,Gimmillaro
lauryndw,Lauryn,Denise,Williams
lazau,Laza,,Upatising
lbenard,Laura,Elizabeth,Benard
lbenoit,Lucille,Marie,Benoit
lcdrohan,Laura,Catherine,Drohan
lcwilder,Lindsey,Carroll,Wilder
leahf,Leah,Sharon,Francis
leaton,Lea,Marie,Eaton
ledelson,Lauren,Rachelle,Edelson
leeward,Lee,Francis,Ward
leighh91,Leigh,Elizabeth,Haldeman
lemeyer,Lucy,Elizabeth,Meyer
lennonc,Lennon,Keagan JK,Chimbumu
leorong,Leo,,Rong
lesanse7,Eldred,Derek,Lesansee
lexiekr,Lexie,,Ross
lfelice,Lauren,Nicole,Felice
lfish,Laurel,Elise Nielsen,Fish
lfunk,Lindsay,Adler,Funk
lgomes1,Luana,,Dias Gomes
lherrero,Lucia,,Herrero
lilkapps,,,
lillyshi,Lilly,,Shi
lilyfu,Lily,,Fu
limsk1,Sunkyu,,Lim
linta,Linta,,Reji
liqihan,Qihan,,Li
lisaw2,Lisa,Catherine,Wallace
lizh1992,Lizabelle,,Hernandez
lizmat,Elizabeth,Anne,Matus
lizt1,Liz,Anne,Taliaferro
ljcastro,Leanna,Jeanne,Castro
ljiang1,Lauryann,,Jiang
ljrneil,Lawrence,Jean Raynier,Neil
lkeyes,Leanna,Prachi,Keyes
lkloh,,,
lkurt,Laura,Michelle,Kurt
lkz1291,Laura,Kathleen,Zehender
llamsam,Layton,Andrew,Lamsam
llovitt,Liane,Elisabeth,Lovitt
llu11,Louise,,Lu
lmcbee,Lillian,Marie,McBee
lmchenry,Lyric,Leigh,McHenry
lmcmarti,Laura,Louise,McMartin
lmhunter,Laura,Madeleine,Hunter
lmixson,Linus,David,Mixson
lmmunoz,Lyndsey,Maria,Munoz
lmonroe,Lizzy,Stoney,Monroe
lokshin,Benjamin,,Lokshin
loookas,Lucas,Oliver,Oswald
loosley,Katherine,Rachelle,Loosley
lorenar2,Lorena,,Rincon-Cruz
louism,Louis,Antonio Maria,Marion
lpanchev,Lyuboslav,Nikolaev,Panchev
lsheng,Linda,,Sheng
lsoriano,Laura,Perez,Soriano
lszhang,Ling-Ling,Samantha,Zhang
ltengan,Loren,Robert,Tengan
lthomas1,Liv,Jeanne,Thomas
ltrini92,Laurelann,Megan Hamel,Trinidad
luckett,Maxine,Elinor,Luckett
luis9151,Luis,,Aguilar
luisa1,Luis,Eduardo,Alvarez
luizlima,Luiz,Lopes,Lima
lukeamu,Luke,,Amuchastegui
lukeknep,Luke,William,Knepper
luna2014,David,T.C.,Nguyen
lweiser,Leah,Redington,Weiser
lwmelton,Larry,Walter,Melton
lxing,Lawrence,Le-si,Xing
lydiabai,Lydia,Lang,Bai
lydiacox,Lydia,Anoush Kalfayan,Cox
lynnelle,Lynnelle,Lin,Ye
lyuen,Laura,Derecho,Yuen
lzarka,Lemiece,Danya,Zarka
m3smith,Mallory,Beatrice,Smith
macyz,Macy,Elizabeth,Zardeneta
maddym,Maddy,Clare,McCartney
madorsky,Jon,Samuel,Madorsky
maesenc,Maesen,Amelia,Churchill
magalis,Magali,,Sanchez
maggie12,Tyler,Michael,Strand
mahchine,Andrew,Yoo,Mah
mahilin2,Mahilini,,Kailaiyangirichelvam
maiyifan,Yifan,,Mai
majohns,Matthew,Arthur,Johns
makikof,Makiko,,Fujimoto
malachat,Mala,,Chatterjee
malbert2,Michael,,Albert
malikak,Malika,,Kumar
malopez,Matt,Adam,Lopez
mamini,Mariam,,Amini
manousos,Nick,,Manousos
maolson,Matt,Alexander,Olson
marcob42,Marco,Tuomas,Bertolotti
margueta,Marielisa,,Argueta
marialuz,Maria Luz,,Arechiga Martinez
mariojv,Mario,John,Villaplana
markdiaz,Mark,Julian,Diaz
markg7,Mark,Cecilio,Gonzalez
marosteg,Martini,Christopher,Arostegui
martin12,Shanique,Anthonet,Martin
marushka,Marushka,Amber,Hirshon
marvey,Micah,David,Arvey
marybass,Mary,,Bass
matt11,Matthew,Selby,Taylor
maya1k,Maya,Iyer,Krishnan
mayukh,Mayukh,,Sen
mbaker14,Milana,Andion,Baker
mbett224,Matt,Edward,Bettonville
mbodoia,Max,Rand,Bodoia
mboluda,Miguel,Alexander,Boluda
mboon,,,
mboone7,Melvin,Duane,Boone
mbudke,,,
mbui,Mai,Van,Bui
mcelen,Michael,Vincent,Celentano
mchapin,Meyli,Michele,Chapin
mclindon,Bonnie,Joyce,McLindon
mcm1925,Marie,Calvert,Miller
mcolford,Matthew,John,Colford
mcvert,Michael,B.,Chun
mdaguiar,Megan,Marie,D'Aguiar
mdembo,Maayan,,Dembo
mdeng,Max,Lee,Deng
mdirado,Madeline,Jane,DiRado
mdsach,Matthew,David,Sach
mduff,Molly,McCue,Duff
mduhamel,Matt,,Duhamel
megan5,Megan,Natalie,Aguilera
megans3,Megan,Elizabeth,Schwarz
megm3,Michelle,Elizabeth,Gomez
melerner,Megan,Elizabeth,Lerner
melj,Melissa,Leigh,Johnson
meluck,Mary,Ellen,Luck
meobrien,Megan,Elizabeth,O'Brien
meposa,Maria,Elizabeth,Posa
mes322,Macey,Elizabeth,Sanchez
messien,Michael,Imeobong,Essien
mfaison,Maya,Noelle,Faison
mfarag,Marwa,Hany,Farag
mferrant,Marissa,Diane,Ferrante
mferry,Matt,Douglas,Ferry
mfidler,Mailyn,Joy Rogge,Fidler
mfonua,Maxine,Makamae,Fonua
mgoulder,Maggie,Riccelli,Goulder
mhanten,Madison,Alexis,Hanten
mhemmady,Mihika,Charita,Hemmady
mhumes,Maya,Njeri,Humes
miadavis,Mia,Marie,Davis
michteo,Michelle,Li-Ming,Teo
michv,Michelle,Barbara,Valentine
miguel91,Miguel,Cato,Montemayor
milescj,Miles,Connor,Johnson
mishlee,Michelle,Annabel,Lee
mivega19,Maria Isabel,,Vega
mjacoby,Mackenzie,Lee,Jacoby
mjgonz9,Mauricio,Jose,Gonzalez
mjs2014,Mark,Joseph,Sherwood
mkane,Madeleine,Claire,Kane
mkatchoo,Mike,,Atchoo
mkazin,Maia,Rebecca,Kazin
mkhalaf,Marc,Adli,Khalaf
mkhalfay,Michaela,Murphy,Khalfayan
mklein7,Mak,Achilles,Klein
mkoehler,Margaret,Irene Schatz,Koehler
mkoskei,Mark,Kibet,Koskei
mkshaw,Mason,Kenley,Shaw
mkwilson,McKenzie,,Wilson
mkyono,Michael,,Kyono
mlavan,Matt,Isaac,LaVan
mlh2014,Melissa,Lorraine,Hamilton
mlipman1,Michael,Henry Benjamin,Lipman
mlmar1,Marissa,Leanne,Mar
mlwheel,Meredith,Lukens,Wheeler
mmau,Matthew,S,Mau
mmckoy,Megan,Samantha,McKoy
mmcnally,Mairead,,McNally
mmeister,Michela,,Meister
mmend0za,Michael,Anthony,Mendoza
mmikhail,Megan,Elizabeth,Mikhail
mnconway,Meaghan,Noreen,Conway
mnehmad,Michael,Samuel,Nehmad
mnguyen7,Michael,,Nguyen
moabbett,Morgan,Elizabeth,Abbett
moana,Maya,Lindsey Moana,Yamane
moffitt,Jessica,Lynne,Moffitt
mollymmc,Molly,Michel,McKinney
mollyoc,Molly,Colleen,O'Connor
monicab2,Monica,Frances,Bendernagel
monicam8,Monica,Patricia,Masiello
monicast,Monica Feliz,Ramos,Castillo
monicavu,Monica,Thi,Vu
montoya2,Mellie,Natalie,Montoya
montyb14,Blake,O'Bryan,Montgomery
morganmc,Morgan,Daggett,McCluskey
mpaik,Michelle,Sohyun,Paik
mpatino,Miguel,Angel,Patino
mperez15,Margarita,,Perez
mpfuller,Morgan,Paige Zender,Fuller
mpolin,Melanie,Ann,Polin
mpraglin,Max,,Praglin
mprong,,,
mpryan,Max,Philip,Ryan
mraddawi,Mary,,Raddawi
mroman,Martha,Elizabeth,Roman
mrosman,Melissa,Anne,Rosman
msacosta,Maria,Stephanie,Acosta
msamy,Manisha,,Samy
msanch5,Mark,Christopher,Sanchez
msanson,Marielos,Coralia,Sanson
mscarias,Margaret,Scarlett,Carrasco Arias
mseiver,Miles,,Seiver
mshep,Miranda,Ann,Shepherd
msi61,Michael,,Si
msiegel9,Micah,O'Brien,Siegel
msnaval,Marianne,Sarmiento,Naval
msoriano,Mica,Isabelle,Soriano
mstadnik,Matt,,Stadnik
mstoehr,Mitchell,David,Stoehr
msu9,Michael,,Su
mswalker,Michael,Steven,Walker
mswinter,Michael,,Wintermeyer
mtekant,Melis,,Tekant
mtikeler,Matt,Thomas,Ikeler
mtrejo,Michelle,Janet,Trejo Saldivar
mtuttle,,,
mtwalter,Matthew,Todd,Walter
mulrich,Mark,B.,Ulrich
mvc,Martin,Valera,Consunji
mvolpert,Michael,Lee,Volpert
mvorwerc,Molly,Katherine,Vorwerck
mvtrione,Madelyne,Victoria,Trione
mwbeck,Michael,William,Beck
mwcoop,Matthew,William,Cooper
mwhchen,Michael,W.,Chen
mwieman,Maisy,Marie,Wieman
mwlow,Melvin,Wai-Hoe,Low
mwoo,Minkeun,,Woo
mxyu,Michelle,,Yu
mzack,Marty,,Zack
nabilaa,Nabila,Mohsin,Abdallah
naguibs,Naguib,Samih,Sawiris
najlag,Najla,Angelica,Gomez Rodriguez
namikawa,Yuri,Lily,Namikawa
namir,Namir,,Shah
namy,Yoon Jae,,Nam
nanhowe,Nanci,L,Howe
natalie4,Natalie,,Vande Pol
natstot,Natalie,Anne,Stottler
navery,Natasha,Genet,Avery
nawitime,Natalie,Veronica Monet,Hernandez
nbailey1,Nathalia,Angelica,Bailey
nbiddle,Nicholas,Erskine,Biddle
nbreit,Nick,E,Breitweiser
ncheung1,Nathan,Heng-chi,Cheung
nebrown,Nicholas,Edward,Brown
neguez,Natalia,Lourdes,Eguez
nesmati,Nadia,Emily,Smati
neungs1,Potcharapol,,Suteparuk
ngirma,Nardos,,Girma
ngriffen,Natalie,Angelina,Griffen
nguyenbn,Brittney,Nhu-Chau,Nguyen
nhartley,Nick,James,Hartley
nicd,Nic,,Dahlquist
nicky1,Nick,James,Yannacone
nicolef2,Nicole,Ijeoma,Frederick
nikhilb,Nikhil,Gaurev,Bhargava
nikolem,Nikole,N.,McCollum
ninapapa,Nina,,Papachristou
nishantb,Nishant,,Bhansali
njboyne,Nathan,Jose,Boyne
njgarcia,Nate,John,Garcia
njsu,Nicholas,Jialei,Su
nmahmood,Nausheen,Fathima,Mahmood
nnluu,Neil,Nghia,Luu
noahg626,Noah,Aaron,Garcia
norton14,Natalie,Marie,Norton
npolanco,Nathan,Curtis,Polanco
nroth,Nat,Gunther,Roth
nschear,Nessarose,,Schear
nstek,Nick,Lovell,Steketee
nstrauch,Nairi,Kulhanjian,Strauch
nswanson,Nina,,Swanson
nvabon,Nina,,Abon
nvue,Nusi,Cassandra,Vue
ocords,Olivia,Blanche Renate Lawrence,Cords
odiab,Omar,Sebastian,Diab
oezzine,Omar,,Ezzine
ohamto,Oliver,Duque,Hamto
olugbode,Kyle,,Olugbode
ondieki,Bavin,Amenya,Ondieki
oojensen,Adam,,Jensen
ophelias,Ophelia,Branca,Snyder
osbornj,Jonathan,Draper,Osborn
osjew,Olivia,Simone,Jew
osmarr,Olivia,K,Smarr
ougwuoju,Uju,Ivana,Ugwu-Oju
oyaghi,Omar,Khaled,Yaghi
pablowr,Pablo,,Wudka-Robles
pageive,Page,,Ive
paoj,Pao,,Jirakulpattana
parkerwx,Parker,Wei-xiong,Lam
parnell,Josh,Taylor,Parnell
parwana,Parwana,,Fayyaz
patb,Pat,,Boonyarittipong
patels,Sapna,Mukesh,Patel
patseng,Peter,Andrew,Tseng
pbepo,Poni,Luwala,Bepo
pchin,Preston,Matthew,Chin
pcshah,Payal,Chandresh,Shah
pedp,Palmer,Ellsworth,de Peyster
pedreira,Rachel,Ann,Pedreira
pegm1,Peggy,A,Moriarty
perpetua,Shaughnessy,Brennan,Brown
perris,Perri,Nicole,Smith
pescobed,Paulina,Elizabeth,Escobedo
peterhu,Peter,,Hu
peters5,Peter,Joseph,Salazar
peterwj,Peter,William,Johnston
pgonye,Paige,Anderson,Gonye
phamn,Nancy,Thi,Pham
phillipj,Phillip,Joseph,Nazarian
philly21,Phillip,Tyler,Hargrove
pho14,Patricia,,Ho
pierceh,Pierce,Garrett,Huchton
pierreja,Pierre,Julius,Allegaert
pkshah,,,
plang92,Preston,Meyer,Langholz
plee579,Patrick,Christopher,Lee
plun,Pearle,Hsiao-Yueh,Lun
pmcguire,Patrick,Timothy,McGuire
pmeixsel,Pearly,Roselle Navalta,Meixsel
ponsvega,Jose,,Pons Vega
poojap1,Pooja,,Pradhan
pospisil,Laura,Ann,Pospisil
ppatel3,Parth,Kartik,Patel
pphan92,Peter,,Phan
pquigley,Patrick,Hale,Quigley
prabuzzi,Patrick,Wilson,Rabuzzi
praharaj,Dave,Raj,Praharaj
pramesh,Praveen,,Ramesh
pritchaj,Jon,Charles,Pritchard
prk302,Grace,,Park
proctor1,Jonathan,Neel,Proctor
psanker,Prakash,,Sanker
psivilay,Phounsouk,,Sivilay
psummers,Paul,Thomas,Summers
puch,Perth,,Charernwattanagul
punver19,Peri,Handan,Unver
qmoy,Quentin,Kenneth,Moy
qsjackso,Quadeera,S,Jackson
racheljw,Rachel,Jene,Williams
rachozer,Rachel,Shiomi,Ozer
rahulgi,Rahul,Akira,Gupta-Iwasaki
ramann,Raman,Venkat,Nelakanti
ramato,Rebecca,Diana,Amato
ranajays,Ranajay,,Sen
ranzhang,Ran,,Zhang
rashawnd,Shawn,T'mar,Dye
raudonis,Adam,Reed,Raudonis
ravreddy,Ravali,A,Reddy
rawatson,Reid,Allen,Watson
raynerw,William,Robert,Rayner
raypl1,Ray,Paul,Laureano Mercado
rbrown4,Ryan,Timothy,Brown
rcbram,Ruth,Clausen,Bram
rchopra1,Rohan,Balraj,Chopra
rcortez,Rosalinda,,Cortez
rctang,Ronald,Chun Long,Tang
rdiamond,Robert,Charles,Diamond
rdonovan,Renee,Rosalia,Donovan
reedp,Patrick,,Reed
renaren,Rena,,Ren
reynosoj,Juan,Pablo,Reynoso
rfburns,Robert,Franklin,Burns
rfelix,Rebeca,Anne,Felix
rfirme,Robert,Ganancial,Firme
rgarraud,Rosannie,,Garraud
rglobus,Ryan,Geyer,Globus
rgonzal2,Rosalva,,Gonzalez
rharlow,Robert,Wayne,Harlow
rhau,Roger,Lam,Hau
rhence,Roland,Alexander,Hence
rhulyal,Rohun,Atul,Hulyalkar
riellp,Riel,Patrick,LaPlant
rillera1,Matthew,Alexander,Rillera
rixster,Ricky,Miguel,Vargas
rjjeong,Raymond,Junyoung,Jeong
rjobs,Reed,Paul,Jobs
rjyou,Renjie,,You
rkarna,Rosy,,Karna
rkf12346,Ravi,Kamal,Fernando
rlandron,Ryan,McQuade,Landron
rlandrum,Reed,Davis,Landrum
rlemons,Robbie,Scott,Lemons
rli2014,Richard,,Li
rliu14,Robert,Sean,Liu
rmajeune,Riley,Riley,Majeune-Fagan
rmata,Robert,Paul,Mata
rmoody,Rush,,Moody
robbinl1,Robbin,,Lonergan
robertw1,Jordan,,Williams
robinjia,Robin,,Jia
rodrigog,Rodrigo,,Gallegos
rohanp,Rohan,,Puttagunta
rohanram,Rohan,K,Ram
rolandoe,Rolando,,Esparza
romanmgl,Roman,Michael Gregory,Larson
roshah,Rohan,Ajay,Shah
rrmalcz,Ramona,Rebecca,Malczynski
rrolfes,Ryan,Michael,Rolfes
rsalcido,Roberto,l.,Salcido
rseeman,Rachel,Sasaki,Seeman
rsharma1,Rashmi,,Sharma
rspitz,Reid,Andrew,Spitz
rsvargas,Roberto,,Vargas
rswoboda,Ryan,Timothy,Swoboda
rubenpa,Ruben,,Pierre-Antoine
runner92,Alex,Michael,Garrett
ruokey,Ruoke,,Yang
ruoyud,Ruoyu,,Ding
rupss,Rupa,,Shankar
rvaumann,Rachel,,Aumann
rwoodby,Robin,Lucien,Woodby
ryanv88,Ryan,,Voldstad
rygaard,Rasmus,Valentin,Rygaard
sablayne,Sabrina,Joan,Layne
safisher,Sam,Adam,Fisher
safwanks,Safwan,Kabir,Siddiqui
saklein,Sean,Alexandre,Klein
salcedo7,Alicia,Raquel,Salcedo
samarq,Samar,Ali,Alqatari
samath,Sam,,Keller
samkange,Austen,Luck,Samkange
saml1,Sam,,Lindquist
samra,Samra,,Adeni
sarah92,Sarah,Elizabeth,Jacobson
sarahdw,Sarah,Christine,Dapul-Weberman
sarahiz,Sarahi,,Zaldumbide
sarahsc,Sarah,,Chang
sarakay,Sara,Kathryn,Ramsey
sarya,Sameer,,Arya
sasha16,Sasha,Alexis,Arijanto
sashab,Sasha,Robert,Brownsberger
sbarsh,Samuel,Russo,Barsh
sbdhayes,Saunders,Bailey Demond,Hayes
sbeache,Sydney,Charisse,Beache
sbharad,Sharad,,Bharadwaj
scarreon,Samantha,DeJesus,Carreon
scas100,Simon,George,Scarpetta
scburke,Sophie,Christensen,Burke
schang10,Samantha,,Chang
scherer1,Daniel,Ryan,Scherer
schneidm,Matt,Thomas,Schneider
schoech,John,Matthew Sweeney,Schoech
schottj,Julia,Nicole,Schottenstein
schubach,Julia,Louise,Schubach
schugh,Shaan,Ajay,Chugh
scortes,Samuel,Correa,Cortes
scottk92,Scott,,Khamphoune
sdavis5,Shanae,,Davis
sdoong,Stephanie,Jinyi,Doong
sechris,Sean,Francis,Christofferson
sehudson,Stephen,Emmanuel,Hudson
semiller,Sarah,Elizabeth,Miller
senters,Sean,Fitzgerald,Senters
seohun,Sean,,Park
sevans1,Sarah,Adelaide,Evans
sfagan,Serena,MacKeen,Fagan
sfattahi,Sayeh,,Fattahi
sferron,Scott,Scott,Ferron
sgamino,Sarah,S.,Gamino
sginez,Sophia,Michelle,Ginez
sgirv7,Steven,Gable,Irvin
sgmaisel,Sarah,Gillern,Maisel
sgoss,Stephanie,Florence,Goss
shaheenj,Shaheen,,Jeeawoody
shahrnaz,Shahrnaz,Yadegar,Zarafshar
shainem,Shaine,Allison,Meulmester
shanecl,Shane,Alexander,Clarkson
shansen1,Sarah,Rose,Hansen
sharonbs,Sharon,,Bade Shrestha
sharonxh,Sharon,,Tan
shawne1,Shawn,Maria,Estrada
shaynes,Susan,,Haynes
shelbyp,Shelby,Renae,Payne
sherlene,Sherlene,,Chatterji
shermana,Annie,Howland,Sherman
sherrib,Sherri,Farrokh,Billimoria
shess1,Sarah,Elizabeth,Hess
sheta,Sheta,,Chatterjee
shivang,Shivang,,Gupta
shivp,Shiv,Nilesh,Parekh
shizhiw,Shizhi,,Wang
simmsd,Danielle,Elizabeth,Simms
simonebg,Simone,,Barley-Greenfield
simonys,Simon,Yamawaki,Shachter
siradac,Sirada,,Chayabunjonglerd
sitengyu,Siteng,,Yu
sjames1,Sara,Elizabeth,James
sjswartz,Scott,James,Swartz
sjudson,Seth,David,Judson
skarl,Sebastian,,Karl
skopp,Savannah,Rey,Kopp
skumar11,Sidharth,,Kumar
skunis,Sarah,Jacqueline,Kunis
skyefree,Skye,Willow,Free
skyguy,Skylar,Paul Acton,Peterson
slebow,Shane,Harris,Lebow
slee2010,Steven,Patrick,Lee
slroach,Sarah,Lin,Roach
smace,Sally,Kinley,Mace
smaioran,Samantha,,Maiorana
smallber,Steven,Lewis,Smallberg
smao,Selena,Durst,Mao
smasoud,Sabran,Jameel,Masoud
smgutier,Stephanie,Marie,Gutierrez
smitra4,Sumit,,Mitra
smmorgan,Shona,Marie,Morgan
smtroxel,Sean,Michael,Troxel
sn4team,Stefan,,Nastic
snarula,Sukrit,,Narula
snhuang,Sunny,,Huang
snygaard,Safiya,Jaffer,Nygaard
soh929,Seungwon,,Oh
sophiacr,Sophia,de los Angeles,Colombari Figueroa
sophiav1,Sophia,Allegra,Villarreal
sophiavo,Sophia,Hoang-Oanh,Vo
sophiec5,Sophie,Kate,Charlton
sophiewb,Sophie,Giordana,Wiepking-Brown
soravis,Soravis,,Srinawakoon
souenes,Sara,Meriem,Ouenes
spadval,Sanjay,Umesh,Padval
sphipps,Stephanie,Mae,Phipps
spurpura,Scott,Michael,Purpura
squartey,Sarah,Abina,Quartey
srajan1,Sanjana,,Rajan
srglass,Stephanie,Rose,Glass
srseale,Samuel,Ricardo,Seale
sryoung,Stephanie,Rebecca,Young
ssakaida,Scott,Sunao,Sakaida
sschweit,Shannon,Donnelly,Schweitzer
ssobhani,Sadaf,,Sobhani
ssw91,Sunwook,,Sim
stanleyt,Stanley,,Tang
stasig,Stazi,Svetoslavov,Gueordjev
staylor4,Sarah,Mareen,Taylor
stelena,Elena,Mireille,Stephenson
stephlim,Stephanie,Wanti,Lim
stevend2,Steven,Malone,Diamond
stguo,Stephanie,Tammy,Guo
stnguyen,Serenity,Thuy,Nguyen
streeter,Hillary,Leigh,Streeter
stu2,,,
stua08,Young Joon,,Cho
stweston,Sarah,Temmer,Weston
sumatlam,Sumat,Cao,Lam
sushds,Sushmita,,Sridhar
swhite14,Scott,Ryan,White
swinkler,Sally,Monica,Winkler
sydneyp,Sydney,Lauren,Payne
szheng0,Simon,,Zheng
szzaidi,Zain,,Zaidi
taboada,Ryan,,De Taboada
tallyb,Tally,Mallery,Buckstaff
talonlgc,Talon,LeGrand,Clayton
tarat1,Tara,Hope,Trujillo
tasdoori,Timothy,Alan,Asdoorian
tayloram,Andie,,Taylor
tayoamos,Tayo,Oluwaseun,Amos
tboham,Tawnee,Bettiena,Boham
tcaprio,Teresa,Maria,Caprioglio
tcbrooks,Tyler,Collin,Brooks
tche,Thien,T,Che
tcolton,Thomas,A,Colton
tconklin,Tyler,Jay,Conklin
tdharma,Tiffany,Cecilia,Dharma
tekinney,Taylor,Elizabeth,Kinney
teresan1,Teresa,Phuongtram,Nguyen
terryxu,Terry,,Xu
tfmbrown,Tyler,Frederick Maximillian,Brown
tgurshin,Tim,,Gurshin
thaddow,Tyler,Scott,Haddow
thanley,Thomas,Christopher,Hanley
themat,Theo,L,Matthews
theresalnguyen,Theresa,,Nguyen
thmiller,Tina,Hanae,Miller
thomasbl,Thomas,Andrew,Bridges-Lyman
thomass2,Thomas,Hunter,Schmidt
thomissa,Thomissa,Leigh,Comellas
tianayp,Tianay,Katherine,Pulphus
tianzhao,Tian,,Zhao
tiffanyz,Tiffany,Y B,Zhao
timborg,Timothy,James,Borgerson
timbui,Timothy,Trung,Bui
timcory,Timothy,Michael,Cory
timhuang,Timothy,,Huang
timpj,Tim,,Pusnik Jausovec
tinaroh,Tina,Yu Jin,Roh
tinatran,Tina,Anh,Tran
tjmooney,Trevor,Jansen,Mooney
tjshean,Tyler,Jack,Shean
tkalkus,Trevor!,John,Kalkus
tkokenis,Toni,,Kokenis
tle29,Thien-Linh,Phan,Le
tloui,Taylor,Mari Uluwehi,Loui
tmahony,Talia,,Mahony
tmai,Anne,Thu,Mai
tmallon,Tom,,Mallon
tmarks,Tyler,Evan,Marks
tmioko,Taylor,Mioko,Dewberry
tmsiebel,Taylor,Michelle,Siebel
tmurray1,Tate,McKenzie,Murray
toaspern,Will,John,Toaspern
tomanmil,Mary Ann,,Toman-Miller
tomasso,Albert,William,Tomasso
tomccann,Taylor,Oh,McCann
toni5,Toni,Stephanie,Canonico
tonyayu,Tonya,Tianyuan,Yu
tonyjin1,Tony,Zhihao,Jin
toolebox,Oliver,Oliver,Toole
tospina,Tulio,Vicente,Ospina
tpels,Trevor,Lewis,Pels
tracyvu,Tracy,Quynh Nhu,Vu
tranj,James,,Tran
travise,Travis,Scott,Edwards
troth,Theo,Lee,Roth
troyfc,Troy,Fernando,Chang
tsantos,Timothy,Vergara,Santos
tsdavis,Tyler,Stephen,Davis
tsonam,Tenzin,Sonam,Atruktsang
ttopden,Tenzin,,Topden
ttruong2,Tim,,Truong
turnerc,Turner,Boris,Caldwell
twoods92,Tyler,Leland,Woods
tyolson,Ty,,Olson
udimbil,Ubah,Jimale,Dimbil
uomegara,Uchechukwu,,Omegara
vachang,Victoria,Ann,Chang
vanegas,A.J.,,Vanegas
vargasm,Mateo,Colin,Vargas
vbastida,Vanessa,E.,Bastidas
vcalvara,Victoria,Connie,Alvarado
vcg6292,Vanessa,Casillas,Gallegos
vchuo93,Vernon,Chian Khye,Chuo
vclewis,Tori,Clara,Lewis
vcrobles,Victoria,Ceballos,Robles
veni,Veni,,Johanna
vfedyk,Valeria,,Fedyk
vien,Vien,Xuan,Nguyen
vilakazi,Busiswa,,Vilakazi
vket,Vannida,Sovannary,Ket
vkhosla,Vani,,Khosla
vmoody,Vanessa,Rodrigues,Moody
vmyparkv,Trudy,,Park
vpadval,Vikram,Umesh,Padval
vpare,Vaughn,Monel,Pare
vpolin,Veronica,Isabel,Polin
vshen,Vivian,Megan,Shen
vvirasin,Victoria,Isabel,Virasingh
wbrock,Willa,Kathleen,Brock
wbunce,Wyatt,Guzy,Bunce
wchid,William,Jonathan,Chidyausiku
wending,Wending,,Lu
wford,Whitney,Elizabeth,Ford
whan1,William,,Han
wharvey,Will,,Harvey
wheeler3,Mitchell,Andrew,Wheeler
whudz,Waveney,Earlanne,Hudlin
wilkerso,Anthony,,Wilkerson
willdannemann,,,
willg1,Will,Daniel,Gunderson
willil10,Lindsey,Brooke,Williams
willp2,Will,Rockwood,Patterson
winstonc,Winston,Jose,Chang
wjm91,Will,James,Matthews
wjoe,Winston,Branscomb,Joe
wjwalker,Whitney,Jo,Walker
wkchang,Wesley,Kuo-Wei,Chang
wmeyer,Will,,Meyer
wmg2014,Billy,,Gallagher
wmichael,Wynn,Dickinson,Michael
wrobins1,William,Davis,Robins
wtroppe,Will,,Troppe
wwatson,Will,Clovis,Watson
wyatth,Wyatt,,Hong
xavierl1,Xavier,,Leyva-Quintana
xiaowuc1,Huaiyu,,Wu
xkoh,Xuefeng,,Koh
xpham,Xuan-Phien,Nicole,Pham
xtkd,Daniel,Huy,Nguyen
yaelw,Yael,,Wulfovich
yansari,Yassamin,,Ansari
yayac10,Yaya,Kauionalani Michiko,Campbell
ycasta13,Yadira,,Castaneda
ycwoo,Kathy,,Woo
ydesta,Yoseph,Taddese,Desta
yhan819,Yoon-Suk,,Han
yichenl,Yichen,,Liu
yijuhou,Yiju,,Hou
yiklun,Yik Lun,,Lee
yitaoz,Yi Tao,,Zhang
yohannes,Zach,John,Yohannes
ysi,Yongjian,,Si
yvetted2,Yvette,,Dickson-Tetteh
yyip,Yunny,,Yip
yzdong,Yang Zi,,Dong
zachyf,Zachary,,Yellin-Flaherty
zguerin,Zipporah,Violet,Guerin
ziiza,Aziza,Mojibola,Dawodu
zixiangz,Zixiang,,Zhang
zjo,Zachary,James,O'Rourke
zocho44,Zoe,Esther,Schmertzler
zoek1,Zoe,Elizabeth Kiana,Kaufman
zqkng,Kenny,,Ng
ztaji,Zahra,,Harati Taji
zwolford,Zoe,,Wolford
zzuniga,Zachary,Ruben,Zuniga
zzyan,Zoe,Ziyue,Yan
adawson2,Anna,Fay,Dawson
arctanb,Bryant,,Tan
rainad,Raina,,Davis
